LOCAL_DATE,COURSEID_ACRONYM,COURSEID_NAME,EDITION_PROGRAMME_ACRONYM,EDITION_SCHOOL_YEAR,PROGRAMME_ACRONYM,PROGRAMME_NAME,TEACHER_ACRONYM,
01-07-2023,ARIT,Arithmancy,DSD,550e8400-e29b-41d4-a716-446655440002,DSD,Data Science,PROF1,
25-12-2024,AST1,Astronomy I,DIS,550e8400-e29b-41d4-a716-446655440003,DIS,2425 Swtich,PROF1,
10-01-2025,AST2,Astronomy II,AIR,550e8400-e29b-41d4-a716-446655440004,AIR,AI & Robotics,PROF1,
01-09-2023,ALCH,Alchemy,CSD,550e8400-e29b-41d4-a716-446655440000,CSD,Computer Sci,PROF4
01-09-2023,ARIT,Arithmancy,CSD,550e8400-e29b-41d4-a716-446655440000,CSD,Computer Sci,PROF4
01-09-2023,AST1,Astronomy I,CSD,550e8400-e29b-41d4-a716-446655440000,CSD,Computer Sci,PROF4
01-09-2023,AST2,Astronomy II,CSD,550e8400-e29b-41d4-a716-446655440000,CSD,Computer Sci,PROF2
01-09-2023,AST3,Astronomy III,CSD,550e8400-e29b-41d4-a716-446655440000,CSD,Computer Sci,PROF1
01-09-2023,AST4,Astronomy IV,CSD,550e8400-e29b-41d4-a716-446655440000,CSD,Computer Sci,PROF2
01-09-2023,COMC,Care of Magical Creatures,CSD,550e8400-e29b-41d4-a716-446655440000,CSD,Computer Sci,PROF2
01-09-2023,CHM1,Charms I,CSD,550e8400-e29b-41d4-a716-446655440000,CSD,Computer Sci,PROF3
01-09-2023,CHM2,Charms II,CSD,550e8400-e29b-41d4-a716-446655440000,CSD,Computer Sci,PROF1
01-09-2023,DADA1,Defence Against the Dark Arts I,CSD,550e8400-e29b-41d4-a716-446655440000,CSD,Computer Sci,PROF4
01-09-2023,DADA2,Defence Against the Dark Arts II,CSD,550e8400-e29b-41d4-a716-446655440000,CSD,Computer Sci,PROF1
01-09-2023,DADA3,Defence Against the Dark Arts III,CSD,550e8400-e29b-41d4-a716-446655440000,CSD,Computer Sci,PROF2
01-09-2023,DADA4,Defence Against the Dark Arts IV,CSD,550e8400-e29b-41d4-a716-446655440000,CSD,Computer Sci,PROF2
01-09-2023,DADA5,Defence Against the Dark Arts V,CSD,550e8400-e29b-41d4-a716-446655440000,CSD,Computer Sci,PROF2
01-09-2023,DIV,Divination,CSD,550e8400-e29b-41d4-a716-446655440000,CSD,Computer Sci,PROF2
01-09-2023,FLY,Flying,CSD,550e8400-e29b-41d4-a716-446655440000,CSD,Computer Sci,PROF4
01-09-2023,HERB1,Herbology I,CSD,550e8400-e29b-41d4-a716-446655440000,CSD,Computer Sci,PROF4
01-09-2023,HERB2,Herbology II,CSD,550e8400-e29b-41d4-a716-446655440000,CSD,Computer Sci,PROF1
01-09-2023,HIM1,History of Magic I,CSD,550e8400-e29b-41d4-a716-446655440000,CSD,Computer Sci,PROF5
01-09-2023,HIM2,History of Magic II,CSD,550e8400-e29b-41d4-a716-446655440000,CSD,Computer Sci,PROF3
01-09-2023,MUGS,Muggle Studies,CSD,550e8400-e29b-41d4-a716-446655440000,CSD,Computer Sci,PROF5
01-09-2023,POT1,Potions I,CSD,550e8400-e29b-41d4-a716-446655440000,CSD,Computer Sci,PROF3
01-09-2023,POT2,Potions II,CSD,550e8400-e29b-41d4-a716-446655440000,CSD,Computer Sci,PROF4
01-09-2023,POT3,Potions III,CSD,550e8400-e29b-41d4-a716-446655440000,CSD,Computer Sci,PROF2
01-09-2023,POT4,Potions IV,CSD,550e8400-e29b-41d4-a716-446655440000,CSD,Computer Sci,PROF4
01-09-2023,SAR,Study of Ancient Runes,CSD,550e8400-e29b-41d4-a716-446655440000,CSD,Computer Sci,PROF1
01-09-2023,TRN1,Transfiguration I,CSD,550e8400-e29b-41d4-a716-446655440000,CSD,Computer Sci,PROF2
01-09-2023,TRN2,Transfiguration II,CSD,550e8400-e29b-41d4-a716-446655440000,CSD,Computer Sci,PROF5
01-09-2023,TRN3,Transfiguration III,CSD,550e8400-e29b-41d4-a716-446655440000,CSD,Computer Sci,PROF5
01-09-2023,TRN4,Transfiguration IV,CSD,550e8400-e29b-41d4-a716-446655440000,CSD,Computer Sci,PROF3
01-09-2023,TRN5,TRANSFIGURATION IV,CSD,550e8400-e29b-41d4-a716-446655440000,CSD,Computer Sci,PROF4
01-09-2023,TRN4,Transfiguration V,CSD,550e8400-e29b-41d4-a716-446655440000,CSD,Computer Sci,PROF3
01-09-2023,ALCH,Alchemy,CSD,550e8400-e29b-41d4-a716-446655440001,CSD,Computer Sci,PROF2
01-09-2023,ARIT,Arithmancy,CSD,550e8400-e29b-41d4-a716-446655440001,CSD,Computer Sci,PROF5
01-09-2023,AST1,Astronomy I,CSD,550e8400-e29b-41d4-a716-446655440001,CSD,Computer Sci,PROF1
01-09-2023,AST2,Astronomy II,CSD,550e8400-e29b-41d4-a716-446655440001,CSD,Computer Sci,PROF5
01-09-2023,AST3,Astronomy III,CSD,550e8400-e29b-41d4-a716-446655440001,CSD,Computer Sci,PROF1
01-09-2023,AST4,Astronomy IV,CSD,550e8400-e29b-41d4-a716-446655440001,CSD,Computer Sci,PROF3
01-09-2023,COMC,Care of Magical Creatures,CSD,550e8400-e29b-41d4-a716-446655440001,CSD,Computer Sci,PROF5
01-09-2023,CHM1,Charms I,CSD,550e8400-e29b-41d4-a716-446655440001,CSD,Computer Sci,PROF3
01-09-2023,CHM2,Charms II,CSD,550e8400-e29b-41d4-a716-446655440001,CSD,Computer Sci,PROF4
01-09-2023,DADA1,Defence Against the Dark Arts I,CSD,550e8400-e29b-41d4-a716-446655440001,CSD,Computer Sci,PROF4
01-09-2023,DADA2,Defence Against the Dark Arts II,CSD,550e8400-e29b-41d4-a716-446655440001,CSD,Computer Sci,PROF3
01-09-2023,DADA3,Defence Against the Dark Arts III,CSD,550e8400-e29b-41d4-a716-446655440001,CSD,Computer Sci,PROF4
01-09-2023,DADA4,Defence Against the Dark Arts IV,CSD,550e8400-e29b-41d4-a716-446655440001,CSD,Computer Sci,PROF4
01-09-2023,DADA5,Defence Against the Dark Arts V,CSD,550e8400-e29b-41d4-a716-446655440001,CSD,Computer Sci,PROF3
01-09-2023,DIV,Divination,CSD,550e8400-e29b-41d4-a716-446655440001,CSD,Computer Sci,PROF5
01-09-2023,FLY,Flying,CSD,550e8400-e29b-41d4-a716-446655440001,CSD,Computer Sci,PROF3
01-09-2023,HERB1,Herbology I,CSD,550e8400-e29b-41d4-a716-446655440001,CSD,Computer Sci,PROF3
01-09-2023,HERB2,Herbology II,CSD,550e8400-e29b-41d4-a716-446655440001,CSD,Computer Sci,PROF5
01-09-2023,HIM1,History of Magic I,CSD,550e8400-e29b-41d4-a716-446655440001,CSD,Computer Sci,PROF5
01-09-2023,HIM2,History of Magic II,CSD,550e8400-e29b-41d4-a716-446655440001,CSD,Computer Sci,PROF1
01-09-2023,MUGS,Muggle Studies,CSD,550e8400-e29b-41d4-a716-446655440001,CSD,Computer Sci,PROF4
01-09-2023,POT1,Potions I,CSD,550e8400-e29b-41d4-a716-446655440001,CSD,Computer Sci,PROF3
01-09-2023,POT2,Potions II,CSD,550e8400-e29b-41d4-a716-446655440001,CSD,Computer Sci,PROF2
01-09-2023,POT3,Potions III,CSD,550e8400-e29b-41d4-a716-446655440001,CSD,Computer Sci,PROF2
01-09-2023,POT4,Potions IV,CSD,550e8400-e29b-41d4-a716-446655440001,CSD,Computer Sci,PROF1
01-09-2023,SAR,Study of Ancient Runes,CSD,550e8400-e29b-41d4-a716-446655440001,CSD,Computer Sci,PROF5
01-09-2023,TRN1,Transfiguration I,CSD,550e8400-e29b-41d4-a716-446655440001,CSD,Computer Sci,PROF3
01-09-2023,TRN2,Transfiguration II,CSD,550e8400-e29b-41d4-a716-446655440001,CSD,Computer Sci,PROF5
01-09-2023,TRN3,Transfiguration III,CSD,550e8400-e29b-41d4-a716-446655440001,CSD,Computer Sci,PROF3
01-09-2023,TRN4,Transfiguration IV,CSD,550e8400-e29b-41d4-a716-446655440001,CSD,Computer Sci,PROF1
01-09-2023,TRN5,TRANSFIGURATION IV,CSD,550e8400-e29b-41d4-a716-446655440001,CSD,Computer Sci,PROF4
01-09-2023,TRN4,Transfiguration V,CSD,550e8400-e29b-41d4-a716-446655440001,CSD,Computer Sci,PROF5
01-09-2016,ALCH,Alchemy,CSD,550e8400-e29b-41d4-a716-446655440002,CSD,Computer Sci,PROF5
01-09-2016,ARIT,Arithmancy,CSD,550e8400-e29b-41d4-a716-446655440002,CSD,Computer Sci,PROF4
01-09-2016,AST1,Astronomy I,CSD,550e8400-e29b-41d4-a716-446655440002,CSD,Computer Sci,PROF5
01-09-2016,AST2,Astronomy II,CSD,550e8400-e29b-41d4-a716-446655440002,CSD,Computer Sci,PROF4
01-09-2016,AST3,Astronomy III,CSD,550e8400-e29b-41d4-a716-446655440002,CSD,Computer Sci,PROF5
01-09-2016,AST4,Astronomy IV,CSD,550e8400-e29b-41d4-a716-446655440002,CSD,Computer Sci,PROF4
01-09-2016,COMC,Care of Magical Creatures,CSD,550e8400-e29b-41d4-a716-446655440002,CSD,Computer Sci,PROF2
01-09-2016,CHM1,Charms I,CSD,550e8400-e29b-41d4-a716-446655440002,CSD,Computer Sci,PROF2
01-09-2016,CHM2,Charms II,CSD,550e8400-e29b-41d4-a716-446655440002,CSD,Computer Sci,PROF5
01-09-2016,DADA1,Defence Against the Dark Arts I,CSD,550e8400-e29b-41d4-a716-446655440002,CSD,Computer Sci,PROF4
01-09-2016,DADA2,Defence Against the Dark Arts II,CSD,550e8400-e29b-41d4-a716-446655440002,CSD,Computer Sci,PROF4
01-09-2016,DADA3,Defence Against the Dark Arts III,CSD,550e8400-e29b-41d4-a716-446655440002,CSD,Computer Sci,PROF3
01-09-2016,DADA4,Defence Against the Dark Arts IV,CSD,550e8400-e29b-41d4-a716-446655440002,CSD,Computer Sci,PROF2
01-09-2016,DADA5,Defence Against the Dark Arts V,CSD,550e8400-e29b-41d4-a716-446655440002,CSD,Computer Sci,PROF5
01-09-2016,DIV,Divination,CSD,550e8400-e29b-41d4-a716-446655440002,CSD,Computer Sci,PROF1
01-09-2016,FLY,Flying,CSD,550e8400-e29b-41d4-a716-446655440002,CSD,Computer Sci,PROF5
01-09-2016,HERB1,Herbology I,CSD,550e8400-e29b-41d4-a716-446655440002,CSD,Computer Sci,PROF4
01-09-2016,HERB2,Herbology II,CSD,550e8400-e29b-41d4-a716-446655440002,CSD,Computer Sci,PROF4
01-09-2016,HIM1,History of Magic I,CSD,550e8400-e29b-41d4-a716-446655440002,CSD,Computer Sci,PROF5
01-09-2016,HIM2,History of Magic II,CSD,550e8400-e29b-41d4-a716-446655440002,CSD,Computer Sci,PROF5
01-09-2016,MUGS,Muggle Studies,CSD,550e8400-e29b-41d4-a716-446655440002,CSD,Computer Sci,PROF2
01-09-2016,POT1,Potions I,CSD,550e8400-e29b-41d4-a716-446655440002,CSD,Computer Sci,PROF1
01-09-2016,POT2,Potions II,CSD,550e8400-e29b-41d4-a716-446655440002,CSD,Computer Sci,PROF5
01-09-2016,POT3,Potions III,CSD,550e8400-e29b-41d4-a716-446655440002,CSD,Computer Sci,PROF2
01-09-2016,POT4,Potions IV,CSD,550e8400-e29b-41d4-a716-446655440002,CSD,Computer Sci,PROF5
01-09-2016,SAR,Study of Ancient Runes,CSD,550e8400-e29b-41d4-a716-446655440002,CSD,Computer Sci,PROF1
01-09-2016,TRN1,Transfiguration I,CSD,550e8400-e29b-41d4-a716-446655440002,CSD,Computer Sci,PROF2
01-09-2016,TRN2,Transfiguration II,CSD,550e8400-e29b-41d4-a716-446655440002,CSD,Computer Sci,PROF5
01-09-2016,TRN3,Transfiguration III,CSD,550e8400-e29b-41d4-a716-446655440002,CSD,Computer Sci,PROF4
01-09-2016,TRN4,Transfiguration IV,CSD,550e8400-e29b-41d4-a716-446655440002,CSD,Computer Sci,PROF5
01-09-2016,TRN5,TRANSFIGURATION IV,CSD,550e8400-e29b-41d4-a716-446655440002,CSD,Computer Sci,PROF1
01-09-2016,TRN4,Transfiguration V,CSD,550e8400-e29b-41d4-a716-446655440002,CSD,Computer Sci,PROF4
01-09-2017,ALCH,Alchemy,CSD,550e8400-e29b-41d4-a716-446655440003,CSD,Computer Sci,PROF2
01-09-2017,ARIT,Arithmancy,CSD,550e8400-e29b-41d4-a716-446655440003,CSD,Computer Sci,PROF4
01-09-2017,AST1,Astronomy I,CSD,550e8400-e29b-41d4-a716-446655440003,CSD,Computer Sci,PROF3
01-09-2017,AST2,Astronomy II,CSD,550e8400-e29b-41d4-a716-446655440003,CSD,Computer Sci,PROF1
01-09-2017,AST3,Astronomy III,CSD,550e8400-e29b-41d4-a716-446655440003,CSD,Computer Sci,PROF4
01-09-2017,AST4,Astronomy IV,CSD,550e8400-e29b-41d4-a716-446655440003,CSD,Computer Sci,PROF2
01-09-2017,COMC,Care of Magical Creatures,CSD,550e8400-e29b-41d4-a716-446655440003,CSD,Computer Sci,PROF2
01-09-2017,CHM1,Charms I,CSD,550e8400-e29b-41d4-a716-446655440003,CSD,Computer Sci,PROF5
01-09-2017,CHM2,Charms II,CSD,550e8400-e29b-41d4-a716-446655440003,CSD,Computer Sci,PROF5
01-09-2017,DADA1,Defence Against the Dark Arts I,CSD,550e8400-e29b-41d4-a716-446655440003,CSD,Computer Sci,PROF3
01-09-2017,DADA2,Defence Against the Dark Arts II,CSD,550e8400-e29b-41d4-a716-446655440003,CSD,Computer Sci,PROF1
01-09-2017,DADA3,Defence Against the Dark Arts III,CSD,550e8400-e29b-41d4-a716-446655440003,CSD,Computer Sci,PROF5
01-09-2017,DADA4,Defence Against the Dark Arts IV,CSD,550e8400-e29b-41d4-a716-446655440003,CSD,Computer Sci,PROF2
01-09-2017,DADA5,Defence Against the Dark Arts V,CSD,550e8400-e29b-41d4-a716-446655440003,CSD,Computer Sci,PROF1
01-09-2017,DIV,Divination,CSD,550e8400-e29b-41d4-a716-446655440003,CSD,Computer Sci,PROF5
01-09-2017,FLY,Flying,CSD,550e8400-e29b-41d4-a716-446655440003,CSD,Computer Sci,PROF2
01-09-2017,HERB1,Herbology I,CSD,550e8400-e29b-41d4-a716-446655440003,CSD,Computer Sci,PROF3
01-09-2017,HERB2,Herbology II,CSD,550e8400-e29b-41d4-a716-446655440003,CSD,Computer Sci,PROF4
01-09-2017,HIM1,History of Magic I,CSD,550e8400-e29b-41d4-a716-446655440003,CSD,Computer Sci,PROF2
01-09-2017,HIM2,History of Magic II,CSD,550e8400-e29b-41d4-a716-446655440003,CSD,Computer Sci,PROF2
01-09-2017,MUGS,Muggle Studies,CSD,550e8400-e29b-41d4-a716-446655440003,CSD,Computer Sci,PROF5
01-09-2017,POT1,Potions I,CSD,550e8400-e29b-41d4-a716-446655440003,CSD,Computer Sci,PROF2
01-09-2017,POT2,Potions II,CSD,550e8400-e29b-41d4-a716-446655440003,CSD,Computer Sci,PROF3
01-09-2017,POT3,Potions III,CSD,550e8400-e29b-41d4-a716-446655440003,CSD,Computer Sci,PROF2
01-09-2017,POT4,Potions IV,CSD,550e8400-e29b-41d4-a716-446655440003,CSD,Computer Sci,PROF4
01-09-2017,SAR,Study of Ancient Runes,CSD,550e8400-e29b-41d4-a716-446655440003,CSD,Computer Sci,PROF5
01-09-2017,TRN1,Transfiguration I,CSD,550e8400-e29b-41d4-a716-446655440003,CSD,Computer Sci,PROF1
01-09-2017,TRN2,Transfiguration II,CSD,550e8400-e29b-41d4-a716-446655440003,CSD,Computer Sci,PROF3
01-09-2017,TRN3,Transfiguration III,CSD,550e8400-e29b-41d4-a716-446655440003,CSD,Computer Sci,PROF5
01-09-2017,TRN4,Transfiguration IV,CSD,550e8400-e29b-41d4-a716-446655440003,CSD,Computer Sci,PROF2
01-09-2017,TRN5,TRANSFIGURATION IV,CSD,550e8400-e29b-41d4-a716-446655440003,CSD,Computer Sci,PROF5
01-09-2017,TRN4,Transfiguration V,CSD,550e8400-e29b-41d4-a716-446655440003,CSD,Computer Sci,PROF2
01-09-2018,ALCH,Alchemy,CSD,550e8400-e29b-41d4-a716-446655440004,CSD,Computer Sci,PROF2
01-09-2018,ARIT,Arithmancy,CSD,550e8400-e29b-41d4-a716-446655440004,CSD,Computer Sci,PROF3
01-09-2018,AST1,Astronomy I,CSD,550e8400-e29b-41d4-a716-446655440004,CSD,Computer Sci,PROF1
01-09-2018,AST2,Astronomy II,CSD,550e8400-e29b-41d4-a716-446655440004,CSD,Computer Sci,PROF4
01-09-2018,AST3,Astronomy III,CSD,550e8400-e29b-41d4-a716-446655440004,CSD,Computer Sci,PROF3
01-09-2018,AST4,Astronomy IV,CSD,550e8400-e29b-41d4-a716-446655440004,CSD,Computer Sci,PROF5
01-09-2018,COMC,Care of Magical Creatures,CSD,550e8400-e29b-41d4-a716-446655440004,CSD,Computer Sci,PROF1
01-09-2018,CHM1,Charms I,CSD,550e8400-e29b-41d4-a716-446655440004,CSD,Computer Sci,PROF2
01-09-2018,CHM2,Charms II,CSD,550e8400-e29b-41d4-a716-446655440004,CSD,Computer Sci,PROF3
01-09-2018,DADA1,Defence Against the Dark Arts I,CSD,550e8400-e29b-41d4-a716-446655440004,CSD,Computer Sci,PROF1
01-09-2018,DADA2,Defence Against the Dark Arts II,CSD,550e8400-e29b-41d4-a716-446655440004,CSD,Computer Sci,PROF1
01-09-2018,DADA3,Defence Against the Dark Arts III,CSD,550e8400-e29b-41d4-a716-446655440004,CSD,Computer Sci,PROF5
01-09-2018,DADA4,Defence Against the Dark Arts IV,CSD,550e8400-e29b-41d4-a716-446655440004,CSD,Computer Sci,PROF1
01-09-2018,DADA5,Defence Against the Dark Arts V,CSD,550e8400-e29b-41d4-a716-446655440004,CSD,Computer Sci,PROF5
01-09-2018,DIV,Divination,CSD,550e8400-e29b-41d4-a716-446655440004,CSD,Computer Sci,PROF1
01-09-2018,FLY,Flying,CSD,550e8400-e29b-41d4-a716-446655440004,CSD,Computer Sci,PROF1
01-09-2018,HERB1,Herbology I,CSD,550e8400-e29b-41d4-a716-446655440004,CSD,Computer Sci,PROF4
01-09-2018,HERB2,Herbology II,CSD,550e8400-e29b-41d4-a716-446655440004,CSD,Computer Sci,PROF3
01-09-2018,HIM1,History of Magic I,CSD,550e8400-e29b-41d4-a716-446655440004,CSD,Computer Sci,PROF2
01-09-2018,HIM2,History of Magic II,CSD,550e8400-e29b-41d4-a716-446655440004,CSD,Computer Sci,PROF3
01-09-2018,MUGS,Muggle Studies,CSD,550e8400-e29b-41d4-a716-446655440004,CSD,Computer Sci,PROF4
01-09-2018,POT1,Potions I,CSD,550e8400-e29b-41d4-a716-446655440004,CSD,Computer Sci,PROF4
01-09-2018,POT2,Potions II,CSD,550e8400-e29b-41d4-a716-446655440004,CSD,Computer Sci,PROF1
01-09-2018,POT3,Potions III,CSD,550e8400-e29b-41d4-a716-446655440004,CSD,Computer Sci,PROF5
01-09-2018,POT4,Potions IV,CSD,550e8400-e29b-41d4-a716-446655440004,CSD,Computer Sci,PROF2
01-09-2018,SAR,Study of Ancient Runes,CSD,550e8400-e29b-41d4-a716-446655440004,CSD,Computer Sci,PROF2
01-09-2018,TRN1,Transfiguration I,CSD,550e8400-e29b-41d4-a716-446655440004,CSD,Computer Sci,PROF4
01-09-2018,TRN2,Transfiguration II,CSD,550e8400-e29b-41d4-a716-446655440004,CSD,Computer Sci,PROF3
01-09-2018,TRN3,Transfiguration III,CSD,550e8400-e29b-41d4-a716-446655440004,CSD,Computer Sci,PROF5
01-09-2018,TRN4,Transfiguration IV,CSD,550e8400-e29b-41d4-a716-446655440004,CSD,Computer Sci,PROF5
01-09-2018,TRN5,TRANSFIGURATION IV,CSD,550e8400-e29b-41d4-a716-446655440004,CSD,Computer Sci,PROF2
01-09-2018,TRN4,Transfiguration V,CSD,550e8400-e29b-41d4-a716-446655440004,CSD,Computer Sci,PROF1
01-09-2019,ALCH,Alchemy,CSD,550e8400-e29b-41d4-a716-446655440005,CSD,Computer Sci,PROF5
01-09-2019,ARIT,Arithmancy,CSD,550e8400-e29b-41d4-a716-446655440005,CSD,Computer Sci,PROF2
01-09-2019,AST1,Astronomy I,CSD,550e8400-e29b-41d4-a716-446655440005,CSD,Computer Sci,PROF2
01-09-2019,AST2,Astronomy II,CSD,550e8400-e29b-41d4-a716-446655440005,CSD,Computer Sci,PROF3
01-09-2019,AST3,Astronomy III,CSD,550e8400-e29b-41d4-a716-446655440005,CSD,Computer Sci,PROF2
01-09-2019,AST4,Astronomy IV,CSD,550e8400-e29b-41d4-a716-446655440005,CSD,Computer Sci,PROF1
01-09-2019,COMC,Care of Magical Creatures,CSD,550e8400-e29b-41d4-a716-446655440005,CSD,Computer Sci,PROF2
01-09-2019,CHM1,Charms I,CSD,550e8400-e29b-41d4-a716-446655440005,CSD,Computer Sci,PROF3
01-09-2019,CHM2,Charms II,CSD,550e8400-e29b-41d4-a716-446655440005,CSD,Computer Sci,PROF2
01-09-2019,DADA1,Defence Against the Dark Arts I,CSD,550e8400-e29b-41d4-a716-446655440005,CSD,Computer Sci,PROF2
01-09-2019,DADA2,Defence Against the Dark Arts II,CSD,550e8400-e29b-41d4-a716-446655440005,CSD,Computer Sci,PROF4
01-09-2019,DADA3,Defence Against the Dark Arts III,CSD,550e8400-e29b-41d4-a716-446655440005,CSD,Computer Sci,PROF3
01-09-2019,DADA4,Defence Against the Dark Arts IV,CSD,550e8400-e29b-41d4-a716-446655440005,CSD,Computer Sci,PROF1
01-09-2019,DADA5,Defence Against the Dark Arts V,CSD,550e8400-e29b-41d4-a716-446655440005,CSD,Computer Sci,PROF3
01-09-2019,DIV,Divination,CSD,550e8400-e29b-41d4-a716-446655440005,CSD,Computer Sci,PROF4
01-09-2019,FLY,Flying,CSD,550e8400-e29b-41d4-a716-446655440005,CSD,Computer Sci,PROF1
01-09-2019,HERB1,Herbology I,CSD,550e8400-e29b-41d4-a716-446655440005,CSD,Computer Sci,PROF3
01-09-2019,HERB2,Herbology II,CSD,550e8400-e29b-41d4-a716-446655440005,CSD,Computer Sci,PROF2
01-09-2019,HIM1,History of Magic I,CSD,550e8400-e29b-41d4-a716-446655440005,CSD,Computer Sci,PROF3
01-09-2019,HIM2,History of Magic II,CSD,550e8400-e29b-41d4-a716-446655440005,CSD,Computer Sci,PROF2
01-09-2019,MUGS,Muggle Studies,CSD,550e8400-e29b-41d4-a716-446655440005,CSD,Computer Sci,PROF3
01-09-2019,POT1,Potions I,CSD,550e8400-e29b-41d4-a716-446655440005,CSD,Computer Sci,PROF2
01-09-2019,POT2,Potions II,CSD,550e8400-e29b-41d4-a716-446655440005,CSD,Computer Sci,PROF1
01-09-2019,POT3,Potions III,CSD,550e8400-e29b-41d4-a716-446655440005,CSD,Computer Sci,PROF1
01-09-2019,POT4,Potions IV,CSD,550e8400-e29b-41d4-a716-446655440005,CSD,Computer Sci,PROF4
01-09-2019,SAR,Study of Ancient Runes,CSD,550e8400-e29b-41d4-a716-446655440005,CSD,Computer Sci,PROF5
01-09-2019,TRN1,Transfiguration I,CSD,550e8400-e29b-41d4-a716-446655440005,CSD,Computer Sci,PROF5
01-09-2019,TRN2,Transfiguration II,CSD,550e8400-e29b-41d4-a716-446655440005,CSD,Computer Sci,PROF4
01-09-2019,TRN3,Transfiguration III,CSD,550e8400-e29b-41d4-a716-446655440005,CSD,Computer Sci,PROF5
01-09-2019,TRN4,Transfiguration IV,CSD,550e8400-e29b-41d4-a716-446655440005,CSD,Computer Sci,PROF4
01-09-2019,TRN5,TRANSFIGURATION IV,CSD,550e8400-e29b-41d4-a716-446655440005,CSD,Computer Sci,PROF3
01-09-2019,TRN4,Transfiguration V,CSD,550e8400-e29b-41d4-a716-446655440005,CSD,Computer Sci,PROF1
01-09-2020,ALCH,Alchemy,CSD,550e8400-e29b-41d4-a716-446655440006,CSD,Computer Sci,PROF5
01-09-2020,ARIT,Arithmancy,CSD,550e8400-e29b-41d4-a716-446655440006,CSD,Computer Sci,PROF1
01-09-2020,AST1,Astronomy I,CSD,550e8400-e29b-41d4-a716-446655440006,CSD,Computer Sci,PROF1
01-09-2020,AST2,Astronomy II,CSD,550e8400-e29b-41d4-a716-446655440006,CSD,Computer Sci,PROF2
01-09-2020,AST3,Astronomy III,CSD,550e8400-e29b-41d4-a716-446655440006,CSD,Computer Sci,PROF1
01-09-2020,AST4,Astronomy IV,CSD,550e8400-e29b-41d4-a716-446655440006,CSD,Computer Sci,PROF2
01-09-2020,COMC,Care of Magical Creatures,CSD,550e8400-e29b-41d4-a716-446655440006,CSD,Computer Sci,PROF5
01-09-2020,CHM1,Charms I,CSD,550e8400-e29b-41d4-a716-446655440006,CSD,Computer Sci,PROF1
01-09-2020,CHM2,Charms II,CSD,550e8400-e29b-41d4-a716-446655440006,CSD,Computer Sci,PROF2
01-09-2020,DADA1,Defence Against the Dark Arts I,CSD,550e8400-e29b-41d4-a716-446655440006,CSD,Computer Sci,PROF5
01-09-2020,DADA2,Defence Against the Dark Arts II,CSD,550e8400-e29b-41d4-a716-446655440006,CSD,Computer Sci,PROF3
01-09-2020,DADA3,Defence Against the Dark Arts III,CSD,550e8400-e29b-41d4-a716-446655440006,CSD,Computer Sci,PROF3
01-09-2020,DADA4,Defence Against the Dark Arts IV,CSD,550e8400-e29b-41d4-a716-446655440006,CSD,Computer Sci,PROF4
01-09-2020,DADA5,Defence Against the Dark Arts V,CSD,550e8400-e29b-41d4-a716-446655440006,CSD,Computer Sci,PROF1
01-09-2020,DIV,Divination,CSD,550e8400-e29b-41d4-a716-446655440006,CSD,Computer Sci,PROF1
01-09-2020,FLY,Flying,CSD,550e8400-e29b-41d4-a716-446655440006,CSD,Computer Sci,PROF1
01-09-2020,HERB1,Herbology I,CSD,550e8400-e29b-41d4-a716-446655440006,CSD,Computer Sci,PROF4
01-09-2020,HERB2,Herbology II,CSD,550e8400-e29b-41d4-a716-446655440006,CSD,Computer Sci,PROF5
01-09-2020,HIM1,History of Magic I,CSD,550e8400-e29b-41d4-a716-446655440006,CSD,Computer Sci,PROF1
01-09-2020,HIM2,History of Magic II,CSD,550e8400-e29b-41d4-a716-446655440006,CSD,Computer Sci,PROF4
01-09-2020,MUGS,Muggle Studies,CSD,550e8400-e29b-41d4-a716-446655440006,CSD,Computer Sci,PROF4
01-09-2020,POT1,Potions I,CSD,550e8400-e29b-41d4-a716-446655440006,CSD,Computer Sci,PROF1
01-09-2020,POT2,Potions II,CSD,550e8400-e29b-41d4-a716-446655440006,CSD,Computer Sci,PROF2
01-09-2020,POT3,Potions III,CSD,550e8400-e29b-41d4-a716-446655440006,CSD,Computer Sci,PROF5
01-09-2020,POT4,Potions IV,CSD,550e8400-e29b-41d4-a716-446655440006,CSD,Computer Sci,PROF2
01-09-2020,SAR,Study of Ancient Runes,CSD,550e8400-e29b-41d4-a716-446655440006,CSD,Computer Sci,PROF1
01-09-2020,TRN1,Transfiguration I,CSD,550e8400-e29b-41d4-a716-446655440006,CSD,Computer Sci,PROF1
01-09-2020,TRN2,Transfiguration II,CSD,550e8400-e29b-41d4-a716-446655440006,CSD,Computer Sci,PROF3
01-09-2020,TRN3,Transfiguration III,CSD,550e8400-e29b-41d4-a716-446655440006,CSD,Computer Sci,PROF5
01-09-2020,TRN4,Transfiguration IV,CSD,550e8400-e29b-41d4-a716-446655440006,CSD,Computer Sci,PROF3
01-09-2020,TRN5,TRANSFIGURATION IV,CSD,550e8400-e29b-41d4-a716-446655440006,CSD,Computer Sci,PROF1
01-09-2020,TRN4,Transfiguration V,CSD,550e8400-e29b-41d4-a716-446655440006,CSD,Computer Sci,PROF5
01-09-2021,ALCH,Alchemy,CSD,550e8400-e29b-41d4-a716-446655440007,CSD,Computer Sci,PROF5
01-09-2021,ARIT,Arithmancy,CSD,550e8400-e29b-41d4-a716-446655440007,CSD,Computer Sci,PROF5
01-09-2021,AST1,Astronomy I,CSD,550e8400-e29b-41d4-a716-446655440007,CSD,Computer Sci,PROF1
01-09-2021,AST2,Astronomy II,CSD,550e8400-e29b-41d4-a716-446655440007,CSD,Computer Sci,PROF3
01-09-2021,AST3,Astronomy III,CSD,550e8400-e29b-41d4-a716-446655440007,CSD,Computer Sci,PROF2
01-09-2021,AST4,Astronomy IV,CSD,550e8400-e29b-41d4-a716-446655440007,CSD,Computer Sci,PROF4
01-09-2021,COMC,Care of Magical Creatures,CSD,550e8400-e29b-41d4-a716-446655440007,CSD,Computer Sci,PROF4
01-09-2021,CHM1,Charms I,CSD,550e8400-e29b-41d4-a716-446655440007,CSD,Computer Sci,PROF3
01-09-2021,CHM2,Charms II,CSD,550e8400-e29b-41d4-a716-446655440007,CSD,Computer Sci,PROF1
01-09-2021,DADA1,Defence Against the Dark Arts I,CSD,550e8400-e29b-41d4-a716-446655440007,CSD,Computer Sci,PROF4
01-09-2021,DADA2,Defence Against the Dark Arts II,CSD,550e8400-e29b-41d4-a716-446655440007,CSD,Computer Sci,PROF4
01-09-2021,DADA3,Defence Against the Dark Arts III,CSD,550e8400-e29b-41d4-a716-446655440007,CSD,Computer Sci,PROF5
01-09-2021,DADA4,Defence Against the Dark Arts IV,CSD,550e8400-e29b-41d4-a716-446655440007,CSD,Computer Sci,PROF4
01-09-2021,DADA5,Defence Against the Dark Arts V,CSD,550e8400-e29b-41d4-a716-446655440007,CSD,Computer Sci,PROF2
01-09-2021,DIV,Divination,CSD,550e8400-e29b-41d4-a716-446655440007,CSD,Computer Sci,PROF1
01-09-2021,FLY,Flying,CSD,550e8400-e29b-41d4-a716-446655440007,CSD,Computer Sci,PROF4
01-09-2021,HERB1,Herbology I,CSD,550e8400-e29b-41d4-a716-446655440007,CSD,Computer Sci,PROF4
01-09-2021,HERB2,Herbology II,CSD,550e8400-e29b-41d4-a716-446655440007,CSD,Computer Sci,PROF3
01-09-2021,HIM1,History of Magic I,CSD,550e8400-e29b-41d4-a716-446655440007,CSD,Computer Sci,PROF4
01-09-2021,HIM2,History of Magic II,CSD,550e8400-e29b-41d4-a716-446655440007,CSD,Computer Sci,PROF4
01-09-2021,MUGS,Muggle Studies,CSD,550e8400-e29b-41d4-a716-446655440007,CSD,Computer Sci,PROF3
01-09-2021,POT1,Potions I,CSD,550e8400-e29b-41d4-a716-446655440007,CSD,Computer Sci,PROF5
01-09-2021,POT2,Potions II,CSD,550e8400-e29b-41d4-a716-446655440007,CSD,Computer Sci,PROF5
01-09-2021,POT3,Potions III,CSD,550e8400-e29b-41d4-a716-446655440007,CSD,Computer Sci,PROF5
01-09-2021,POT4,Potions IV,CSD,550e8400-e29b-41d4-a716-446655440007,CSD,Computer Sci,PROF2
01-09-2021,SAR,Study of Ancient Runes,CSD,550e8400-e29b-41d4-a716-446655440007,CSD,Computer Sci,PROF4
01-09-2021,TRN1,Transfiguration I,CSD,550e8400-e29b-41d4-a716-446655440007,CSD,Computer Sci,PROF3
01-09-2021,TRN2,Transfiguration II,CSD,550e8400-e29b-41d4-a716-446655440007,CSD,Computer Sci,PROF2
01-09-2021,TRN3,Transfiguration III,CSD,550e8400-e29b-41d4-a716-446655440007,CSD,Computer Sci,PROF1
01-09-2021,TRN4,Transfiguration IV,CSD,550e8400-e29b-41d4-a716-446655440007,CSD,Computer Sci,PROF1
01-09-2021,TRN5,TRANSFIGURATION IV,CSD,550e8400-e29b-41d4-a716-446655440007,CSD,Computer Sci,PROF2
01-09-2021,TRN4,Transfiguration V,CSD,550e8400-e29b-41d4-a716-446655440007,CSD,Computer Sci,PROF5
01-09-2022,ALCH,Alchemy,CSD,550e8400-e29b-41d4-a716-446655440008,CSD,Computer Sci,PROF1
01-09-2022,ARIT,Arithmancy,CSD,550e8400-e29b-41d4-a716-446655440008,CSD,Computer Sci,PROF4
01-09-2022,AST1,Astronomy I,CSD,550e8400-e29b-41d4-a716-446655440008,CSD,Computer Sci,PROF4
01-09-2022,AST2,Astronomy II,CSD,550e8400-e29b-41d4-a716-446655440008,CSD,Computer Sci,PROF2
01-09-2022,AST3,Astronomy III,CSD,550e8400-e29b-41d4-a716-446655440008,CSD,Computer Sci,PROF1
01-09-2022,AST4,Astronomy IV,CSD,550e8400-e29b-41d4-a716-446655440008,CSD,Computer Sci,PROF5
01-09-2022,COMC,Care of Magical Creatures,CSD,550e8400-e29b-41d4-a716-446655440008,CSD,Computer Sci,PROF4
01-09-2022,CHM1,Charms I,CSD,550e8400-e29b-41d4-a716-446655440008,CSD,Computer Sci,PROF5
01-09-2022,CHM2,Charms II,CSD,550e8400-e29b-41d4-a716-446655440008,CSD,Computer Sci,PROF3
01-09-2022,DADA1,Defence Against the Dark Arts I,CSD,550e8400-e29b-41d4-a716-446655440008,CSD,Computer Sci,PROF1
01-09-2022,DADA2,Defence Against the Dark Arts II,CSD,550e8400-e29b-41d4-a716-446655440008,CSD,Computer Sci,PROF1
01-09-2022,DADA3,Defence Against the Dark Arts III,CSD,550e8400-e29b-41d4-a716-446655440008,CSD,Computer Sci,PROF5
01-09-2022,DADA4,Defence Against the Dark Arts IV,CSD,550e8400-e29b-41d4-a716-446655440008,CSD,Computer Sci,PROF1
01-09-2022,DADA5,Defence Against the Dark Arts V,CSD,550e8400-e29b-41d4-a716-446655440008,CSD,Computer Sci,PROF2
01-09-2022,DIV,Divination,CSD,550e8400-e29b-41d4-a716-446655440008,CSD,Computer Sci,PROF3
01-09-2022,FLY,Flying,CSD,550e8400-e29b-41d4-a716-446655440008,CSD,Computer Sci,PROF1
01-09-2022,HERB1,Herbology I,CSD,550e8400-e29b-41d4-a716-446655440008,CSD,Computer Sci,PROF2
01-09-2022,HERB2,Herbology II,CSD,550e8400-e29b-41d4-a716-446655440008,CSD,Computer Sci,PROF5
01-09-2022,HIM1,History of Magic I,CSD,550e8400-e29b-41d4-a716-446655440008,CSD,Computer Sci,PROF5
01-09-2022,HIM2,History of Magic II,CSD,550e8400-e29b-41d4-a716-446655440008,CSD,Computer Sci,PROF4
01-09-2022,MUGS,Muggle Studies,CSD,550e8400-e29b-41d4-a716-446655440008,CSD,Computer Sci,PROF5
01-09-2022,POT1,Potions I,CSD,550e8400-e29b-41d4-a716-446655440008,CSD,Computer Sci,PROF2
01-09-2022,POT2,Potions II,CSD,550e8400-e29b-41d4-a716-446655440008,CSD,Computer Sci,PROF4
01-09-2022,POT3,Potions III,CSD,550e8400-e29b-41d4-a716-446655440008,CSD,Computer Sci,PROF2
01-09-2022,POT4,Potions IV,CSD,550e8400-e29b-41d4-a716-446655440008,CSD,Computer Sci,PROF3
01-09-2022,SAR,Study of Ancient Runes,CSD,550e8400-e29b-41d4-a716-446655440008,CSD,Computer Sci,PROF4
01-09-2022,TRN1,Transfiguration I,CSD,550e8400-e29b-41d4-a716-446655440008,CSD,Computer Sci,PROF2
01-09-2022,TRN2,Transfiguration II,CSD,550e8400-e29b-41d4-a716-446655440008,CSD,Computer Sci,PROF2
01-09-2022,TRN3,Transfiguration III,CSD,550e8400-e29b-41d4-a716-446655440008,CSD,Computer Sci,PROF2
01-09-2022,TRN4,Transfiguration IV,CSD,550e8400-e29b-41d4-a716-446655440008,CSD,Computer Sci,PROF4
01-09-2022,TRN5,TRANSFIGURATION IV,CSD,550e8400-e29b-41d4-a716-446655440008,CSD,Computer Sci,PROF1
01-09-2022,TRN4,Transfiguration V,CSD,550e8400-e29b-41d4-a716-446655440008,CSD,Computer Sci,PROF3
01-09-2023,ALCH,Alchemy,CSD,550e8400-e29b-41d4-a716-446655440009,CSD,Computer Sci,PROF5
01-09-2023,ARIT,Arithmancy,CSD,550e8400-e29b-41d4-a716-446655440009,CSD,Computer Sci,PROF2
01-09-2023,AST1,Astronomy I,CSD,550e8400-e29b-41d4-a716-446655440009,CSD,Computer Sci,PROF1
01-09-2023,AST2,Astronomy II,CSD,550e8400-e29b-41d4-a716-446655440009,CSD,Computer Sci,PROF5
01-09-2023,AST3,Astronomy III,CSD,550e8400-e29b-41d4-a716-446655440009,CSD,Computer Sci,PROF3
01-09-2023,AST4,Astronomy IV,CSD,550e8400-e29b-41d4-a716-446655440009,CSD,Computer Sci,PROF5
01-09-2023,COMC,Care of Magical Creatures,CSD,550e8400-e29b-41d4-a716-446655440009,CSD,Computer Sci,PROF4
01-09-2023,CHM1,Charms I,CSD,550e8400-e29b-41d4-a716-446655440009,CSD,Computer Sci,PROF2
01-09-2023,CHM2,Charms II,CSD,550e8400-e29b-41d4-a716-446655440009,CSD,Computer Sci,PROF3
01-09-2023,DADA1,Defence Against the Dark Arts I,CSD,550e8400-e29b-41d4-a716-446655440009,CSD,Computer Sci,PROF3
01-09-2023,DADA2,Defence Against the Dark Arts II,CSD,550e8400-e29b-41d4-a716-446655440009,CSD,Computer Sci,PROF3
01-09-2023,DADA3,Defence Against the Dark Arts III,CSD,550e8400-e29b-41d4-a716-446655440009,CSD,Computer Sci,PROF3
01-09-2023,DADA4,Defence Against the Dark Arts IV,CSD,550e8400-e29b-41d4-a716-446655440009,CSD,Computer Sci,PROF1
01-09-2023,DADA5,Defence Against the Dark Arts V,CSD,550e8400-e29b-41d4-a716-446655440009,CSD,Computer Sci,PROF5
01-09-2023,DIV,Divination,CSD,550e8400-e29b-41d4-a716-446655440009,CSD,Computer Sci,PROF3
01-09-2023,FLY,Flying,CSD,550e8400-e29b-41d4-a716-446655440009,CSD,Computer Sci,PROF4
01-09-2023,HERB1,Herbology I,CSD,550e8400-e29b-41d4-a716-446655440009,CSD,Computer Sci,PROF1
01-09-2023,HERB2,Herbology II,CSD,550e8400-e29b-41d4-a716-446655440009,CSD,Computer Sci,PROF1
01-09-2023,HIM1,History of Magic I,CSD,550e8400-e29b-41d4-a716-446655440009,CSD,Computer Sci,PROF5
01-09-2023,HIM2,History of Magic II,CSD,550e8400-e29b-41d4-a716-446655440009,CSD,Computer Sci,PROF3
01-09-2023,MUGS,Muggle Studies,CSD,550e8400-e29b-41d4-a716-446655440009,CSD,Computer Sci,PROF2
01-09-2023,POT1,Potions I,CSD,550e8400-e29b-41d4-a716-446655440009,CSD,Computer Sci,PROF2
01-09-2023,POT2,Potions II,CSD,550e8400-e29b-41d4-a716-446655440009,CSD,Computer Sci,PROF3
01-09-2023,POT3,Potions III,CSD,550e8400-e29b-41d4-a716-446655440009,CSD,Computer Sci,PROF4
01-09-2023,POT4,Potions IV,CSD,550e8400-e29b-41d4-a716-446655440009,CSD,Computer Sci,PROF2
01-09-2023,SAR,Study of Ancient Runes,CSD,550e8400-e29b-41d4-a716-446655440009,CSD,Computer Sci,PROF4
01-09-2023,TRN1,Transfiguration I,CSD,550e8400-e29b-41d4-a716-446655440009,CSD,Computer Sci,PROF3
01-09-2023,TRN2,Transfiguration II,CSD,550e8400-e29b-41d4-a716-446655440009,CSD,Computer Sci,PROF2
01-09-2023,TRN3,Transfiguration III,CSD,550e8400-e29b-41d4-a716-446655440009,CSD,Computer Sci,PROF5
01-09-2023,TRN4,Transfiguration IV,CSD,550e8400-e29b-41d4-a716-446655440009,CSD,Computer Sci,PROF4
01-09-2023,TRN5,TRANSFIGURATION IV,CSD,550e8400-e29b-41d4-a716-446655440009,CSD,Computer Sci,PROF4
01-09-2023,TRN4,Transfiguration V,CSD,550e8400-e29b-41d4-a716-446655440009,CSD,Computer Sci,PROF1
01-09-2024,ALCH,Alchemy,CSD,550e8400-e29b-41d4-a716-446655440010,CSD,Computer Sci,PROF4
01-09-2024,ARIT,Arithmancy,CSD,550e8400-e29b-41d4-a716-446655440010,CSD,Computer Sci,PROF2
01-09-2024,AST1,Astronomy I,CSD,550e8400-e29b-41d4-a716-446655440010,CSD,Computer Sci,PROF1
01-09-2024,AST2,Astronomy II,CSD,550e8400-e29b-41d4-a716-446655440010,CSD,Computer Sci,PROF5
01-09-2024,AST3,Astronomy III,CSD,550e8400-e29b-41d4-a716-446655440010,CSD,Computer Sci,PROF5
01-09-2024,AST4,Astronomy IV,CSD,550e8400-e29b-41d4-a716-446655440010,CSD,Computer Sci,PROF1
01-09-2024,COMC,Care of Magical Creatures,CSD,550e8400-e29b-41d4-a716-446655440010,CSD,Computer Sci,PROF4
01-09-2024,CHM1,Charms I,CSD,550e8400-e29b-41d4-a716-446655440010,CSD,Computer Sci,PROF5
01-09-2024,CHM2,Charms II,CSD,550e8400-e29b-41d4-a716-446655440010,CSD,Computer Sci,PROF3
01-09-2024,DADA1,Defence Against the Dark Arts I,CSD,550e8400-e29b-41d4-a716-446655440010,CSD,Computer Sci,PROF4
01-09-2024,DADA2,Defence Against the Dark Arts II,CSD,550e8400-e29b-41d4-a716-446655440010,CSD,Computer Sci,PROF2
01-09-2024,DADA3,Defence Against the Dark Arts III,CSD,550e8400-e29b-41d4-a716-446655440010,CSD,Computer Sci,PROF2
01-09-2024,DADA4,Defence Against the Dark Arts IV,CSD,550e8400-e29b-41d4-a716-446655440010,CSD,Computer Sci,PROF5
01-09-2024,DADA5,Defence Against the Dark Arts V,CSD,550e8400-e29b-41d4-a716-446655440010,CSD,Computer Sci,PROF5
01-09-2024,DIV,Divination,CSD,550e8400-e29b-41d4-a716-446655440010,CSD,Computer Sci,PROF2
01-09-2024,FLY,Flying,CSD,550e8400-e29b-41d4-a716-446655440010,CSD,Computer Sci,PROF1
01-09-2024,HERB1,Herbology I,CSD,550e8400-e29b-41d4-a716-446655440010,CSD,Computer Sci,PROF5
01-09-2024,HERB2,Herbology II,CSD,550e8400-e29b-41d4-a716-446655440010,CSD,Computer Sci,PROF5
01-09-2024,HIM1,History of Magic I,CSD,550e8400-e29b-41d4-a716-446655440010,CSD,Computer Sci,PROF4
01-09-2024,HIM2,History of Magic II,CSD,550e8400-e29b-41d4-a716-446655440010,CSD,Computer Sci,PROF5
01-09-2024,MUGS,Muggle Studies,CSD,550e8400-e29b-41d4-a716-446655440010,CSD,Computer Sci,PROF4
01-09-2024,POT1,Potions I,CSD,550e8400-e29b-41d4-a716-446655440010,CSD,Computer Sci,PROF4
01-09-2024,POT2,Potions II,CSD,550e8400-e29b-41d4-a716-446655440010,CSD,Computer Sci,PROF3
01-09-2024,POT3,Potions III,CSD,550e8400-e29b-41d4-a716-446655440010,CSD,Computer Sci,PROF1
01-09-2024,POT4,Potions IV,CSD,550e8400-e29b-41d4-a716-446655440010,CSD,Computer Sci,PROF4
01-09-2024,SAR,Study of Ancient Runes,CSD,550e8400-e29b-41d4-a716-446655440010,CSD,Computer Sci,PROF4
01-09-2024,TRN1,Transfiguration I,CSD,550e8400-e29b-41d4-a716-446655440010,CSD,Computer Sci,PROF2
01-09-2024,TRN2,Transfiguration II,CSD,550e8400-e29b-41d4-a716-446655440010,CSD,Computer Sci,PROF1
01-09-2024,TRN3,Transfiguration III,CSD,550e8400-e29b-41d4-a716-446655440010,CSD,Computer Sci,PROF3
01-09-2024,TRN4,Transfiguration IV,CSD,550e8400-e29b-41d4-a716-446655440010,CSD,Computer Sci,PROF5
01-09-2024,TRN5,TRANSFIGURATION IV,CSD,550e8400-e29b-41d4-a716-446655440010,CSD,Computer Sci,PROF1
01-09-2024,TRN4,Transfiguration V,CSD,550e8400-e29b-41d4-a716-446655440010,CSD,Computer Sci,PROF2
01-09-2025,ALCH,Alchemy,CSD,550e8400-e29b-41d4-a716-446655440011,CSD,Computer Sci,PROF3
01-09-2025,ARIT,Arithmancy,CSD,550e8400-e29b-41d4-a716-446655440011,CSD,Computer Sci,PROF4
01-09-2025,AST1,Astronomy I,CSD,550e8400-e29b-41d4-a716-446655440011,CSD,Computer Sci,PROF3
01-09-2025,AST2,Astronomy II,CSD,550e8400-e29b-41d4-a716-446655440011,CSD,Computer Sci,PROF2
01-09-2025,AST3,Astronomy III,CSD,550e8400-e29b-41d4-a716-446655440011,CSD,Computer Sci,PROF4
01-09-2025,AST4,Astronomy IV,CSD,550e8400-e29b-41d4-a716-446655440011,CSD,Computer Sci,PROF1
01-09-2025,COMC,Care of Magical Creatures,CSD,550e8400-e29b-41d4-a716-446655440011,CSD,Computer Sci,PROF4
01-09-2025,CHM1,Charms I,CSD,550e8400-e29b-41d4-a716-446655440011,CSD,Computer Sci,PROF1
01-09-2025,CHM2,Charms II,CSD,550e8400-e29b-41d4-a716-446655440011,CSD,Computer Sci,PROF1
01-09-2025,DADA1,Defence Against the Dark Arts I,CSD,550e8400-e29b-41d4-a716-446655440011,CSD,Computer Sci,PROF3
01-09-2025,DADA2,Defence Against the Dark Arts II,CSD,550e8400-e29b-41d4-a716-446655440011,CSD,Computer Sci,PROF4
01-09-2025,DADA3,Defence Against the Dark Arts III,CSD,550e8400-e29b-41d4-a716-446655440011,CSD,Computer Sci,PROF2
01-09-2025,DADA4,Defence Against the Dark Arts IV,CSD,550e8400-e29b-41d4-a716-446655440011,CSD,Computer Sci,PROF2
01-09-2025,DADA5,Defence Against the Dark Arts V,CSD,550e8400-e29b-41d4-a716-446655440011,CSD,Computer Sci,PROF5
01-09-2025,DIV,Divination,CSD,550e8400-e29b-41d4-a716-446655440011,CSD,Computer Sci,PROF3
01-09-2025,FLY,Flying,CSD,550e8400-e29b-41d4-a716-446655440011,CSD,Computer Sci,PROF5
01-09-2025,HERB1,Herbology I,CSD,550e8400-e29b-41d4-a716-446655440011,CSD,Computer Sci,PROF3
01-09-2025,HERB2,Herbology II,CSD,550e8400-e29b-41d4-a716-446655440011,CSD,Computer Sci,PROF3
01-09-2025,HIM1,History of Magic I,CSD,550e8400-e29b-41d4-a716-446655440011,CSD,Computer Sci,PROF2
01-09-2025,HIM2,History of Magic II,CSD,550e8400-e29b-41d4-a716-446655440011,CSD,Computer Sci,PROF1
01-09-2025,MUGS,Muggle Studies,CSD,550e8400-e29b-41d4-a716-446655440011,CSD,Computer Sci,PROF4
01-09-2025,POT1,Potions I,CSD,550e8400-e29b-41d4-a716-446655440011,CSD,Computer Sci,PROF2
01-09-2025,POT2,Potions II,CSD,550e8400-e29b-41d4-a716-446655440011,CSD,Computer Sci,PROF1
01-09-2025,POT3,Potions III,CSD,550e8400-e29b-41d4-a716-446655440011,CSD,Computer Sci,PROF3
01-09-2025,POT4,Potions IV,CSD,550e8400-e29b-41d4-a716-446655440011,CSD,Computer Sci,PROF4
01-09-2025,SAR,Study of Ancient Runes,CSD,550e8400-e29b-41d4-a716-446655440011,CSD,Computer Sci,PROF1
01-09-2025,TRN1,Transfiguration I,CSD,550e8400-e29b-41d4-a716-446655440011,CSD,Computer Sci,PROF3
01-09-2025,TRN2,Transfiguration II,CSD,550e8400-e29b-41d4-a716-446655440011,CSD,Computer Sci,PROF3
01-09-2025,TRN3,Transfiguration III,CSD,550e8400-e29b-41d4-a716-446655440011,CSD,Computer Sci,PROF3
01-09-2025,TRN4,Transfiguration IV,CSD,550e8400-e29b-41d4-a716-446655440011,CSD,Computer Sci,PROF3
01-09-2025,TRN5,TRANSFIGURATION IV,CSD,550e8400-e29b-41d4-a716-446655440011,CSD,Computer Sci,PROF2
01-09-2025,TRN4,Transfiguration V,CSD,550e8400-e29b-41d4-a716-446655440011,CSD,Computer Sci,PROF3
01-09-2026,ALCH,Alchemy,CSD,550e8400-e29b-41d4-a716-446655440012,CSD,Computer Sci,PROF5
01-09-2026,ARIT,Arithmancy,CSD,550e8400-e29b-41d4-a716-446655440012,CSD,Computer Sci,PROF4
01-09-2026,AST1,Astronomy I,CSD,550e8400-e29b-41d4-a716-446655440012,CSD,Computer Sci,PROF3
01-09-2026,AST2,Astronomy II,CSD,550e8400-e29b-41d4-a716-446655440012,CSD,Computer Sci,PROF4
01-09-2026,AST3,Astronomy III,CSD,550e8400-e29b-41d4-a716-446655440012,CSD,Computer Sci,PROF4
01-09-2026,AST4,Astronomy IV,CSD,550e8400-e29b-41d4-a716-446655440012,CSD,Computer Sci,PROF3
01-09-2026,COMC,Care of Magical Creatures,CSD,550e8400-e29b-41d4-a716-446655440012,CSD,Computer Sci,PROF1
01-09-2026,CHM1,Charms I,CSD,550e8400-e29b-41d4-a716-446655440012,CSD,Computer Sci,PROF3
01-09-2026,CHM2,Charms II,CSD,550e8400-e29b-41d4-a716-446655440012,CSD,Computer Sci,PROF3
01-09-2026,DADA1,Defence Against the Dark Arts I,CSD,550e8400-e29b-41d4-a716-446655440012,CSD,Computer Sci,PROF4
01-09-2026,DADA2,Defence Against the Dark Arts II,CSD,550e8400-e29b-41d4-a716-446655440012,CSD,Computer Sci,PROF3
01-09-2026,DADA3,Defence Against the Dark Arts III,CSD,550e8400-e29b-41d4-a716-446655440012,CSD,Computer Sci,PROF2
01-09-2026,DADA4,Defence Against the Dark Arts IV,CSD,550e8400-e29b-41d4-a716-446655440012,CSD,Computer Sci,PROF4
01-09-2026,DADA5,Defence Against the Dark Arts V,CSD,550e8400-e29b-41d4-a716-446655440012,CSD,Computer Sci,PROF5
01-09-2026,DIV,Divination,CSD,550e8400-e29b-41d4-a716-446655440012,CSD,Computer Sci,PROF5
01-09-2026,FLY,Flying,CSD,550e8400-e29b-41d4-a716-446655440012,CSD,Computer Sci,PROF1
01-09-2026,HERB1,Herbology I,CSD,550e8400-e29b-41d4-a716-446655440012,CSD,Computer Sci,PROF1
01-09-2026,HERB2,Herbology II,CSD,550e8400-e29b-41d4-a716-446655440012,CSD,Computer Sci,PROF1
01-09-2026,HIM1,History of Magic I,CSD,550e8400-e29b-41d4-a716-446655440012,CSD,Computer Sci,PROF1
01-09-2026,HIM2,History of Magic II,CSD,550e8400-e29b-41d4-a716-446655440012,CSD,Computer Sci,PROF3
01-09-2026,MUGS,Muggle Studies,CSD,550e8400-e29b-41d4-a716-446655440012,CSD,Computer Sci,PROF3
01-09-2026,POT1,Potions I,CSD,550e8400-e29b-41d4-a716-446655440012,CSD,Computer Sci,PROF4
01-09-2026,POT2,Potions II,CSD,550e8400-e29b-41d4-a716-446655440012,CSD,Computer Sci,PROF3
01-09-2026,POT3,Potions III,CSD,550e8400-e29b-41d4-a716-446655440012,CSD,Computer Sci,PROF4
01-09-2026,POT4,Potions IV,CSD,550e8400-e29b-41d4-a716-446655440012,CSD,Computer Sci,PROF2
01-09-2026,SAR,Study of Ancient Runes,CSD,550e8400-e29b-41d4-a716-446655440012,CSD,Computer Sci,PROF1
01-09-2026,TRN1,Transfiguration I,CSD,550e8400-e29b-41d4-a716-446655440012,CSD,Computer Sci,PROF2
01-09-2026,TRN2,Transfiguration II,CSD,550e8400-e29b-41d4-a716-446655440012,CSD,Computer Sci,PROF3
01-09-2026,TRN3,Transfiguration III,CSD,550e8400-e29b-41d4-a716-446655440012,CSD,Computer Sci,PROF1
01-09-2026,TRN4,Transfiguration IV,CSD,550e8400-e29b-41d4-a716-446655440012,CSD,Computer Sci,PROF5
01-09-2026,TRN5,TRANSFIGURATION IV,CSD,550e8400-e29b-41d4-a716-446655440012,CSD,Computer Sci,PROF1
01-09-2026,TRN4,Transfiguration V,CSD,550e8400-e29b-41d4-a716-446655440012,CSD,Computer Sci,PROF4
01-09-2027,ALCH,Alchemy,CSD,550e8400-e29b-41d4-a716-446655440013,CSD,Computer Sci,PROF4
01-09-2027,ARIT,Arithmancy,CSD,550e8400-e29b-41d4-a716-446655440013,CSD,Computer Sci,PROF1
01-09-2027,AST1,Astronomy I,CSD,550e8400-e29b-41d4-a716-446655440013,CSD,Computer Sci,PROF5
01-09-2027,AST2,Astronomy II,CSD,550e8400-e29b-41d4-a716-446655440013,CSD,Computer Sci,PROF3
01-09-2027,AST3,Astronomy III,CSD,550e8400-e29b-41d4-a716-446655440013,CSD,Computer Sci,PROF2
01-09-2027,AST4,Astronomy IV,CSD,550e8400-e29b-41d4-a716-446655440013,CSD,Computer Sci,PROF4
01-09-2027,COMC,Care of Magical Creatures,CSD,550e8400-e29b-41d4-a716-446655440013,CSD,Computer Sci,PROF4
01-09-2027,CHM1,Charms I,CSD,550e8400-e29b-41d4-a716-446655440013,CSD,Computer Sci,PROF2
01-09-2027,CHM2,Charms II,CSD,550e8400-e29b-41d4-a716-446655440013,CSD,Computer Sci,PROF4
01-09-2027,DADA1,Defence Against the Dark Arts I,CSD,550e8400-e29b-41d4-a716-446655440013,CSD,Computer Sci,PROF4
01-09-2027,DADA2,Defence Against the Dark Arts II,CSD,550e8400-e29b-41d4-a716-446655440013,CSD,Computer Sci,PROF5
01-09-2027,DADA3,Defence Against the Dark Arts III,CSD,550e8400-e29b-41d4-a716-446655440013,CSD,Computer Sci,PROF2
01-09-2027,DADA4,Defence Against the Dark Arts IV,CSD,550e8400-e29b-41d4-a716-446655440013,CSD,Computer Sci,PROF5
01-09-2027,DADA5,Defence Against the Dark Arts V,CSD,550e8400-e29b-41d4-a716-446655440013,CSD,Computer Sci,PROF3
01-09-2027,DIV,Divination,CSD,550e8400-e29b-41d4-a716-446655440013,CSD,Computer Sci,PROF3
01-09-2027,FLY,Flying,CSD,550e8400-e29b-41d4-a716-446655440013,CSD,Computer Sci,PROF5
01-09-2027,HERB1,Herbology I,CSD,550e8400-e29b-41d4-a716-446655440013,CSD,Computer Sci,PROF4
01-09-2027,HERB2,Herbology II,CSD,550e8400-e29b-41d4-a716-446655440013,CSD,Computer Sci,PROF4
01-09-2027,HIM1,History of Magic I,CSD,550e8400-e29b-41d4-a716-446655440013,CSD,Computer Sci,PROF4
01-09-2027,HIM2,History of Magic II,CSD,550e8400-e29b-41d4-a716-446655440013,CSD,Computer Sci,PROF1
01-09-2027,MUGS,Muggle Studies,CSD,550e8400-e29b-41d4-a716-446655440013,CSD,Computer Sci,PROF2
01-09-2027,POT1,Potions I,CSD,550e8400-e29b-41d4-a716-446655440013,CSD,Computer Sci,PROF3
01-09-2027,POT2,Potions II,CSD,550e8400-e29b-41d4-a716-446655440013,CSD,Computer Sci,PROF3
01-09-2027,POT3,Potions III,CSD,550e8400-e29b-41d4-a716-446655440013,CSD,Computer Sci,PROF5
01-09-2027,POT4,Potions IV,CSD,550e8400-e29b-41d4-a716-446655440013,CSD,Computer Sci,PROF4
01-09-2027,SAR,Study of Ancient Runes,CSD,550e8400-e29b-41d4-a716-446655440013,CSD,Computer Sci,PROF3
01-09-2027,TRN1,Transfiguration I,CSD,550e8400-e29b-41d4-a716-446655440013,CSD,Computer Sci,PROF5
01-09-2027,TRN2,Transfiguration II,CSD,550e8400-e29b-41d4-a716-446655440013,CSD,Computer Sci,PROF5
01-09-2027,TRN3,Transfiguration III,CSD,550e8400-e29b-41d4-a716-446655440013,CSD,Computer Sci,PROF2
01-09-2027,TRN4,Transfiguration IV,CSD,550e8400-e29b-41d4-a716-446655440013,CSD,Computer Sci,PROF1
01-09-2027,TRN5,TRANSFIGURATION IV,CSD,550e8400-e29b-41d4-a716-446655440013,CSD,Computer Sci,PROF1
01-09-2027,TRN4,Transfiguration V,CSD,550e8400-e29b-41d4-a716-446655440013,CSD,Computer Sci,PROF3
01-09-2028,ALCH,Alchemy,CSD,550e8400-e29b-41d4-a716-446655440014,CSD,Computer Sci,PROF4
01-09-2028,ARIT,Arithmancy,CSD,550e8400-e29b-41d4-a716-446655440014,CSD,Computer Sci,PROF3
01-09-2028,AST1,Astronomy I,CSD,550e8400-e29b-41d4-a716-446655440014,CSD,Computer Sci,PROF1
01-09-2028,AST2,Astronomy II,CSD,550e8400-e29b-41d4-a716-446655440014,CSD,Computer Sci,PROF5
01-09-2028,AST3,Astronomy III,CSD,550e8400-e29b-41d4-a716-446655440014,CSD,Computer Sci,PROF3
01-09-2028,AST4,Astronomy IV,CSD,550e8400-e29b-41d4-a716-446655440014,CSD,Computer Sci,PROF3
01-09-2028,COMC,Care of Magical Creatures,CSD,550e8400-e29b-41d4-a716-446655440014,CSD,Computer Sci,PROF3
01-09-2028,CHM1,Charms I,CSD,550e8400-e29b-41d4-a716-446655440014,CSD,Computer Sci,PROF4
01-09-2028,CHM2,Charms II,CSD,550e8400-e29b-41d4-a716-446655440014,CSD,Computer Sci,PROF3
01-09-2028,DADA1,Defence Against the Dark Arts I,CSD,550e8400-e29b-41d4-a716-446655440014,CSD,Computer Sci,PROF3
01-09-2028,DADA2,Defence Against the Dark Arts II,CSD,550e8400-e29b-41d4-a716-446655440014,CSD,Computer Sci,PROF5
01-09-2028,DADA3,Defence Against the Dark Arts III,CSD,550e8400-e29b-41d4-a716-446655440014,CSD,Computer Sci,PROF3
01-09-2028,DADA4,Defence Against the Dark Arts IV,CSD,550e8400-e29b-41d4-a716-446655440014,CSD,Computer Sci,PROF1
01-09-2028,DADA5,Defence Against the Dark Arts V,CSD,550e8400-e29b-41d4-a716-446655440014,CSD,Computer Sci,PROF4
01-09-2028,DIV,Divination,CSD,550e8400-e29b-41d4-a716-446655440014,CSD,Computer Sci,PROF5
01-09-2028,FLY,Flying,CSD,550e8400-e29b-41d4-a716-446655440014,CSD,Computer Sci,PROF5
01-09-2028,HERB1,Herbology I,CSD,550e8400-e29b-41d4-a716-446655440014,CSD,Computer Sci,PROF1
01-09-2028,HERB2,Herbology II,CSD,550e8400-e29b-41d4-a716-446655440014,CSD,Computer Sci,PROF3
01-09-2028,HIM1,History of Magic I,CSD,550e8400-e29b-41d4-a716-446655440014,CSD,Computer Sci,PROF4
01-09-2028,HIM2,History of Magic II,CSD,550e8400-e29b-41d4-a716-446655440014,CSD,Computer Sci,PROF1
01-09-2028,MUGS,Muggle Studies,CSD,550e8400-e29b-41d4-a716-446655440014,CSD,Computer Sci,PROF3
01-09-2028,POT1,Potions I,CSD,550e8400-e29b-41d4-a716-446655440014,CSD,Computer Sci,PROF3
01-09-2028,POT2,Potions II,CSD,550e8400-e29b-41d4-a716-446655440014,CSD,Computer Sci,PROF5
01-09-2028,POT3,Potions III,CSD,550e8400-e29b-41d4-a716-446655440014,CSD,Computer Sci,PROF5
01-09-2028,POT4,Potions IV,CSD,550e8400-e29b-41d4-a716-446655440014,CSD,Computer Sci,PROF4
01-09-2028,SAR,Study of Ancient Runes,CSD,550e8400-e29b-41d4-a716-446655440014,CSD,Computer Sci,PROF5
01-09-2028,TRN1,Transfiguration I,CSD,550e8400-e29b-41d4-a716-446655440014,CSD,Computer Sci,PROF5
01-09-2028,TRN2,Transfiguration II,CSD,550e8400-e29b-41d4-a716-446655440014,CSD,Computer Sci,PROF1
01-09-2028,TRN3,Transfiguration III,CSD,550e8400-e29b-41d4-a716-446655440014,CSD,Computer Sci,PROF1
01-09-2028,TRN4,Transfiguration IV,CSD,550e8400-e29b-41d4-a716-446655440014,CSD,Computer Sci,PROF2
01-09-2028,TRN5,TRANSFIGURATION IV,CSD,550e8400-e29b-41d4-a716-446655440014,CSD,Computer Sci,PROF1
01-09-2028,TRN4,Transfiguration V,CSD,550e8400-e29b-41d4-a716-446655440014,CSD,Computer Sci,PROF1
01-09-2029,ALCH,Alchemy,CSD,550e8400-e29b-41d4-a716-446655440015,CSD,Computer Sci,PROF4
01-09-2029,ARIT,Arithmancy,CSD,550e8400-e29b-41d4-a716-446655440015,CSD,Computer Sci,PROF5
01-09-2029,AST1,Astronomy I,CSD,550e8400-e29b-41d4-a716-446655440015,CSD,Computer Sci,PROF3
01-09-2029,AST2,Astronomy II,CSD,550e8400-e29b-41d4-a716-446655440015,CSD,Computer Sci,PROF3
01-09-2029,AST3,Astronomy III,CSD,550e8400-e29b-41d4-a716-446655440015,CSD,Computer Sci,PROF4
01-09-2029,AST4,Astronomy IV,CSD,550e8400-e29b-41d4-a716-446655440015,CSD,Computer Sci,PROF4
01-09-2029,COMC,Care of Magical Creatures,CSD,550e8400-e29b-41d4-a716-446655440015,CSD,Computer Sci,PROF4
01-09-2029,CHM1,Charms I,CSD,550e8400-e29b-41d4-a716-446655440015,CSD,Computer Sci,PROF2
01-09-2029,CHM2,Charms II,CSD,550e8400-e29b-41d4-a716-446655440015,CSD,Computer Sci,PROF4
01-09-2029,DADA1,Defence Against the Dark Arts I,CSD,550e8400-e29b-41d4-a716-446655440015,CSD,Computer Sci,PROF4
01-09-2029,DADA2,Defence Against the Dark Arts II,CSD,550e8400-e29b-41d4-a716-446655440015,CSD,Computer Sci,PROF5
01-09-2029,DADA3,Defence Against the Dark Arts III,CSD,550e8400-e29b-41d4-a716-446655440015,CSD,Computer Sci,PROF2
01-09-2029,DADA4,Defence Against the Dark Arts IV,CSD,550e8400-e29b-41d4-a716-446655440015,CSD,Computer Sci,PROF2
01-09-2029,DADA5,Defence Against the Dark Arts V,CSD,550e8400-e29b-41d4-a716-446655440015,CSD,Computer Sci,PROF2
01-09-2029,DIV,Divination,CSD,550e8400-e29b-41d4-a716-446655440015,CSD,Computer Sci,PROF3
01-09-2029,FLY,Flying,CSD,550e8400-e29b-41d4-a716-446655440015,CSD,Computer Sci,PROF5
01-09-2029,HERB1,Herbology I,CSD,550e8400-e29b-41d4-a716-446655440015,CSD,Computer Sci,PROF1
01-09-2029,HERB2,Herbology II,CSD,550e8400-e29b-41d4-a716-446655440015,CSD,Computer Sci,PROF4
01-09-2029,HIM1,History of Magic I,CSD,550e8400-e29b-41d4-a716-446655440015,CSD,Computer Sci,PROF1
01-09-2029,HIM2,History of Magic II,CSD,550e8400-e29b-41d4-a716-446655440015,CSD,Computer Sci,PROF4
01-09-2029,MUGS,Muggle Studies,CSD,550e8400-e29b-41d4-a716-446655440015,CSD,Computer Sci,PROF2
01-09-2029,POT1,Potions I,CSD,550e8400-e29b-41d4-a716-446655440015,CSD,Computer Sci,PROF2
01-09-2029,POT2,Potions II,CSD,550e8400-e29b-41d4-a716-446655440015,CSD,Computer Sci,PROF3
01-09-2029,POT3,Potions III,CSD,550e8400-e29b-41d4-a716-446655440015,CSD,Computer Sci,PROF2
01-09-2029,POT4,Potions IV,CSD,550e8400-e29b-41d4-a716-446655440015,CSD,Computer Sci,PROF5
01-09-2029,SAR,Study of Ancient Runes,CSD,550e8400-e29b-41d4-a716-446655440015,CSD,Computer Sci,PROF1
01-09-2029,TRN1,Transfiguration I,CSD,550e8400-e29b-41d4-a716-446655440015,CSD,Computer Sci,PROF1
01-09-2029,TRN2,Transfiguration II,CSD,550e8400-e29b-41d4-a716-446655440015,CSD,Computer Sci,PROF1
01-09-2029,TRN3,Transfiguration III,CSD,550e8400-e29b-41d4-a716-446655440015,CSD,Computer Sci,PROF3
01-09-2029,TRN4,Transfiguration IV,CSD,550e8400-e29b-41d4-a716-446655440015,CSD,Computer Sci,PROF2
01-09-2029,TRN5,TRANSFIGURATION IV,CSD,550e8400-e29b-41d4-a716-446655440015,CSD,Computer Sci,PROF2
01-09-2029,TRN4,Transfiguration V,CSD,550e8400-e29b-41d4-a716-446655440015,CSD,Computer Sci,PROF5
01-09-2030,ALCH,Alchemy,CSD,550e8400-e29b-41d4-a716-446655440016,CSD,Computer Sci,PROF3
01-09-2030,ARIT,Arithmancy,CSD,550e8400-e29b-41d4-a716-446655440016,CSD,Computer Sci,PROF2
01-09-2030,AST1,Astronomy I,CSD,550e8400-e29b-41d4-a716-446655440016,CSD,Computer Sci,PROF3
01-09-2030,AST2,Astronomy II,CSD,550e8400-e29b-41d4-a716-446655440016,CSD,Computer Sci,PROF2
01-09-2030,AST3,Astronomy III,CSD,550e8400-e29b-41d4-a716-446655440016,CSD,Computer Sci,PROF5
01-09-2030,AST4,Astronomy IV,CSD,550e8400-e29b-41d4-a716-446655440016,CSD,Computer Sci,PROF3
01-09-2030,COMC,Care of Magical Creatures,CSD,550e8400-e29b-41d4-a716-446655440016,CSD,Computer Sci,PROF5
01-09-2030,CHM1,Charms I,CSD,550e8400-e29b-41d4-a716-446655440016,CSD,Computer Sci,PROF2
01-09-2030,CHM2,Charms II,CSD,550e8400-e29b-41d4-a716-446655440016,CSD,Computer Sci,PROF4
01-09-2030,DADA1,Defence Against the Dark Arts I,CSD,550e8400-e29b-41d4-a716-446655440016,CSD,Computer Sci,PROF1
01-09-2030,DADA2,Defence Against the Dark Arts II,CSD,550e8400-e29b-41d4-a716-446655440016,CSD,Computer Sci,PROF5
01-09-2030,DADA3,Defence Against the Dark Arts III,CSD,550e8400-e29b-41d4-a716-446655440016,CSD,Computer Sci,PROF1
01-09-2030,DADA4,Defence Against the Dark Arts IV,CSD,550e8400-e29b-41d4-a716-446655440016,CSD,Computer Sci,PROF2
01-09-2030,DADA5,Defence Against the Dark Arts V,CSD,550e8400-e29b-41d4-a716-446655440016,CSD,Computer Sci,PROF2
01-09-2030,DIV,Divination,CSD,550e8400-e29b-41d4-a716-446655440016,CSD,Computer Sci,PROF5
01-09-2030,FLY,Flying,CSD,550e8400-e29b-41d4-a716-446655440016,CSD,Computer Sci,PROF2
01-09-2030,HERB1,Herbology I,CSD,550e8400-e29b-41d4-a716-446655440016,CSD,Computer Sci,PROF1
01-09-2030,HERB2,Herbology II,CSD,550e8400-e29b-41d4-a716-446655440016,CSD,Computer Sci,PROF4
01-09-2030,HIM1,History of Magic I,CSD,550e8400-e29b-41d4-a716-446655440016,CSD,Computer Sci,PROF5
01-09-2030,HIM2,History of Magic II,CSD,550e8400-e29b-41d4-a716-446655440016,CSD,Computer Sci,PROF2
01-09-2030,MUGS,Muggle Studies,CSD,550e8400-e29b-41d4-a716-446655440016,CSD,Computer Sci,PROF1
01-09-2030,POT1,Potions I,CSD,550e8400-e29b-41d4-a716-446655440016,CSD,Computer Sci,PROF4
01-09-2030,POT2,Potions II,CSD,550e8400-e29b-41d4-a716-446655440016,CSD,Computer Sci,PROF2
01-09-2030,POT3,Potions III,CSD,550e8400-e29b-41d4-a716-446655440016,CSD,Computer Sci,PROF3
01-09-2030,POT4,Potions IV,CSD,550e8400-e29b-41d4-a716-446655440016,CSD,Computer Sci,PROF4
01-09-2030,SAR,Study of Ancient Runes,CSD,550e8400-e29b-41d4-a716-446655440016,CSD,Computer Sci,PROF4
01-09-2030,TRN1,Transfiguration I,CSD,550e8400-e29b-41d4-a716-446655440016,CSD,Computer Sci,PROF4
01-09-2030,TRN2,Transfiguration II,CSD,550e8400-e29b-41d4-a716-446655440016,CSD,Computer Sci,PROF1
01-09-2030,TRN3,Transfiguration III,CSD,550e8400-e29b-41d4-a716-446655440016,CSD,Computer Sci,PROF1
01-09-2030,TRN4,Transfiguration IV,CSD,550e8400-e29b-41d4-a716-446655440016,CSD,Computer Sci,PROF2
01-09-2030,TRN5,TRANSFIGURATION IV,CSD,550e8400-e29b-41d4-a716-446655440016,CSD,Computer Sci,PROF4
01-09-2030,TRN4,Transfiguration V,CSD,550e8400-e29b-41d4-a716-446655440016,CSD,Computer Sci,PROF1